img_rel_path,pid,camid
050780/00.png,50780,0
050780/01.png,50780,0
050780/02.png,50780,0
050780/03.png,50780,0
031165/00.png,31165,0
031165/01.png,31165,0
031165/02.png,31165,0
041937/00.png,41937,0
041937/01.png,41937,0
041937/02.png,41937,0
041937/03.png,41937,0
041937/04.png,41937,0
041937/05.png,41937,0
040643/00.png,40643,0
040643/01.png,40643,0
040643/02.png,40643,0
040643/03.png,40643,0
040643/04.png,40643,0
040643/05.png,40643,0
040643/06.png,40643,0
015543/00.png,15543,0
015543/01.png,15543,0
015543/02.png,15543,0
015543/03.png,15543,0
015543/04.png,15543,0
015543/05.png,15543,0
015543/06.png,15543,0
062817/00.png,62817,0
062817/01.png,62817,0
053310/00.png,53310,0
053310/01.png,53310,0
053310/02.png,53310,0
011211/00.png,11211,0
011211/01.png,11211,0
011211/02.png,11211,0
011211/03.png,11211,0
011211/04.png,11211,0
011211/05.png,11211,0
051652/00.png,51652,0
051652/01.png,51652,0
051652/02.png,51652,0
059658/00.png,59658,0
059658/01.png,59658,0
058646/00.png,58646,0
058646/01.png,58646,0
008547/00.png,8547,0
008547/01.png,8547,0
008547/02.png,8547,0
008547/03.png,8547,0
012532/00.png,12532,0
012532/01.png,12532,0
012532/02.png,12532,0
012532/03.png,12532,0
058205/00.png,58205,0
058205/01.png,58205,0
055585/00.png,55585,0
055585/01.png,55585,0
036346/00.png,36346,0
036346/01.png,36346,0
036346/02.png,36346,0
036346/03.png,36346,0
036346/04.png,36346,0
057757/00.png,57757,0
057757/01.png,57757,0
039579/00.png,39579,0
039579/01.png,39579,0
039579/02.png,39579,0
039579/03.png,39579,0
044342/00.png,44342,0
044342/01.png,44342,0
044342/02.png,44342,0
044342/03.png,44342,0
061713/00.png,61713,0
061713/01.png,61713,0
042697/00.png,42697,0
042697/01.png,42697,0
042697/02.png,42697,0
042697/03.png,42697,0
071381/00.png,71381,0
071381/01.png,71381,0
034233/00.png,34233,0
034233/01.png,34233,0
034233/02.png,34233,0
048570/00.png,48570,0
048570/01.png,48570,0
048570/02.png,48570,0
048570/03.png,48570,0
017403/00.png,17403,0
017403/01.png,17403,0
017403/02.png,17403,0
017403/03.png,17403,0
017403/04.png,17403,0
024659/00.png,24659,0
024659/01.png,24659,0
024659/02.png,24659,0
058408/00.png,58408,0
058408/01.png,58408,0
053480/00.png,53480,0
053480/01.png,53480,0
053480/02.png,53480,0
053480/03.png,53480,0
014892/00.png,14892,0
014892/01.png,14892,0
014892/02.png,14892,0
014892/03.png,14892,0
067856/00.png,67856,0
067856/01.png,67856,0
070856/00.png,70856,0
070856/01.png,70856,0
021446/00.png,21446,0
021446/01.png,21446,0
021446/02.png,21446,0
021446/03.png,21446,0
037133/00.png,37133,0
037133/01.png,37133,0
037133/02.png,37133,0
037133/03.png,37133,0
037133/05.png,37133,0
000987/00.png,987,0
000987/01.png,987,0
000987/02.png,987,0
000987/03.png,987,0
000987/04.png,987,0
005915/00.png,5915,0
005915/01.png,5915,0
005915/02.png,5915,0
005915/03.png,5915,0
005915/04.png,5915,0
031109/00.png,31109,0
031109/01.png,31109,0
031109/02.png,31109,0
020046/00.png,20046,0
020046/01.png,20046,0
020046/02.png,20046,0
020046/03.png,20046,0
020046/04.png,20046,0
020046/05.png,20046,0
020046/06.png,20046,0
034486/00.png,34486,0
034486/01.png,34486,0
034486/02.png,34486,0
034486/03.png,34486,0
034486/04.png,34486,0
036068/00.png,36068,0
036068/01.png,36068,0
036068/02.png,36068,0
036068/03.png,36068,0
036068/04.png,36068,0
054224/00.png,54224,0
054224/01.png,54224,0
059361/00.png,59361,0
059361/01.png,59361,0
038431/00.png,38431,0
038431/01.png,38431,0
038431/02.png,38431,0
038431/03.png,38431,0
038431/04.png,38431,0
038431/05.png,38431,0
025724/00.png,25724,0
025724/01.png,25724,0
025724/02.png,25724,0
034574/00.png,34574,0
034574/01.png,34574,0
034574/02.png,34574,0
034574/03.png,34574,0
034574/04.png,34574,0
069265/00.png,69265,0
069265/01.png,69265,0
062931/00.png,62931,0
062931/01.png,62931,0
021441/00.png,21441,0
021441/01.png,21441,0
021441/02.png,21441,0
035695/00.png,35695,0
035695/01.png,35695,0
035695/02.png,35695,0
035695/03.png,35695,0
035695/04.png,35695,0
065731/00.png,65731,0
065731/01.png,65731,0
024333/00.png,24333,0
024333/01.png,24333,0
024333/02.png,24333,0
014657/00.png,14657,0
014657/01.png,14657,0
014657/02.png,14657,0
014657/03.png,14657,0
014657/04.png,14657,0
014657/05.png,14657,0
047233/00.png,47233,0
047233/01.png,47233,0
047233/02.png,47233,0
009394/00.png,9394,0
009394/01.png,9394,0
009394/02.png,9394,0
009394/03.png,9394,0
002159/00.png,2159,0
002159/01.png,2159,0
002159/02.png,2159,0
002159/03.png,2159,0
002159/04.png,2159,0
002159/05.png,2159,0
059946/00.png,59946,0
059946/01.png,59946,0
027663/00.png,27663,0
027663/01.png,27663,0
027663/02.png,27663,0
027663/03.png,27663,0
027663/04.png,27663,0
027663/05.png,27663,0
003259/00.png,3259,0
003259/01.png,3259,0
003259/02.png,3259,0
003259/03.png,3259,0
003259/04.png,3259,0
003259/05.png,3259,0
047133/00.png,47133,0
047133/01.png,47133,0
047133/02.png,47133,0
047133/03.png,47133,0
038959/00.png,38959,0
038959/01.png,38959,0
038959/02.png,38959,0
038959/03.png,38959,0
038959/04.png,38959,0
058631/00.png,58631,0
058631/01.png,58631,0
004457/00.png,4457,0
004457/01.png,4457,0
004457/02.png,4457,0
004457/03.png,4457,0
004457/04.png,4457,0
004457/05.png,4457,0
004457/06.png,4457,0
049476/00.png,49476,0
049476/01.png,49476,0
049476/02.png,49476,0
028388/00.png,28388,0
028388/01.png,28388,0
028388/02.png,28388,0
001706/00.png,1706,0
001706/01.png,1706,0
001706/02.png,1706,0
001706/03.png,1706,0
001706/04.png,1706,0
020962/00.png,20962,0
020962/01.png,20962,0
020962/02.png,20962,0
020962/03.png,20962,0
020962/04.png,20962,0
070796/00.png,70796,0
070796/01.png,70796,0
004565/00.png,4565,0
004565/01.png,4565,0
004565/02.png,4565,0
004565/03.png,4565,0
004565/04.png,4565,0
032734/00.png,32734,0
032734/01.png,32734,0
032734/02.png,32734,0
068584/00.png,68584,0
068584/01.png,68584,0
000990/00.png,990,0
000990/01.png,990,0
000990/02.png,990,0
000990/03.png,990,0
000990/04.png,990,0
000990/05.png,990,0
000992/00.png,992,0
000992/01.png,992,0
000992/02.png,992,0
000992/03.png,992,0
000992/04.png,992,0
000992/05.png,992,0
010876/00.png,10876,0
010876/01.png,10876,0
010876/02.png,10876,0
010876/03.png,10876,0
010876/04.png,10876,0
010876/05.png,10876,0
010876/06.png,10876,0
041847/00.png,41847,0
041847/01.png,41847,0
041847/02.png,41847,0
045956/00.png,45956,0
045956/01.png,45956,0
045956/02.png,45956,0
032140/00.png,32140,0
032140/01.png,32140,0
032140/02.png,32140,0
032140/03.png,32140,0
063635/00.png,63635,0
063635/01.png,63635,0
014376/00.png,14376,0
014376/01.png,14376,0
014376/02.png,14376,0
014376/03.png,14376,0
014376/04.png,14376,0
043375/00.png,43375,0
043375/01.png,43375,0
043375/02.png,43375,0
069569/00.png,69569,0
069569/01.png,69569,0
057145/00.png,57145,0
057145/01.png,57145,0
054443/00.png,54443,0
054443/01.png,54443,0
042764/00.png,42764,0
042764/01.png,42764,0
042764/02.png,42764,0
042764/03.png,42764,0
042764/04.png,42764,0
023173/00.png,23173,0
023173/01.png,23173,0
023173/02.png,23173,0
016825/00.png,16825,0
016825/01.png,16825,0
016825/02.png,16825,0
016825/03.png,16825,0
042519/00.png,42519,0
042519/01.png,42519,0
042519/02.png,42519,0
053055/00.png,53055,0
053055/01.png,53055,0
053055/02.png,53055,0
048646/00.png,48646,0
048646/01.png,48646,0
048646/02.png,48646,0
024797/00.png,24797,0
024797/01.png,24797,0
024797/02.png,24797,0
024797/03.png,24797,0
024797/04.png,24797,0
066555/00.png,66555,0
066555/01.png,66555,0
003359/00.png,3359,0
003359/01.png,3359,0
003359/02.png,3359,0
003359/03.png,3359,0
003359/04.png,3359,0
003359/05.png,3359,0
005134/00.png,5134,0
005134/01.png,5134,0
005134/02.png,5134,0
005134/03.png,5134,0
005134/04.png,5134,0
005134/05.png,5134,0
000534/00.png,534,0
000534/01.png,534,0
000534/02.png,534,0
000534/03.png,534,0
000534/04.png,534,0
000534/05.png,534,0
066987/00.png,66987,0
066987/01.png,66987,0
021463/00.png,21463,0
021463/01.png,21463,0
021463/02.png,21463,0
009333/00.png,9333,0
009333/01.png,9333,0
009333/02.png,9333,0
014038/00.png,14038,0
014038/01.png,14038,0
014038/02.png,14038,0
014038/03.png,14038,0
055509/00.png,55509,0
055509/01.png,55509,0
012905/00.png,12905,0
012905/01.png,12905,0
012905/02.png,12905,0
012905/03.png,12905,0
012905/04.png,12905,0
057155/00.png,57155,0
057155/01.png,57155,0
022653/00.png,22653,0
022653/01.png,22653,0
022653/02.png,22653,0
022653/03.png,22653,0
022653/04.png,22653,0
022653/05.png,22653,0
038463/00.png,38463,0
038463/01.png,38463,0
038463/02.png,38463,0
038463/03.png,38463,0
056140/00.png,56140,0
056140/01.png,56140,0
037089/00.png,37089,0
037089/01.png,37089,0
037089/02.png,37089,0
037089/03.png,37089,0
037089/04.png,37089,0
037089/05.png,37089,0
035558/00.png,35558,0
035558/01.png,35558,0
035558/02.png,35558,0
017981/00.png,17981,0
017981/01.png,17981,0
017981/02.png,17981,0
017981/03.png,17981,0
017981/04.png,17981,0
017981/05.png,17981,0
050537/00.png,50537,0
050537/01.png,50537,0
050537/02.png,50537,0
050537/03.png,50537,0
051101/00.png,51101,0
051101/01.png,51101,0
051101/02.png,51101,0
051101/03.png,51101,0
008816/00.png,8816,0
008816/01.png,8816,0
008816/02.png,8816,0
008816/03.png,8816,0
068449/00.png,68449,0
068449/01.png,68449,0
000618/00.png,618,0
000618/01.png,618,0
000618/02.png,618,0
000618/03.png,618,0
000618/04.png,618,0
030194/00.png,30194,0
030194/01.png,30194,0
030194/02.png,30194,0
030194/03.png,30194,0
030194/04.png,30194,0
030194/05.png,30194,0
030194/06.png,30194,0
038983/00.png,38983,0
038983/01.png,38983,0
038983/02.png,38983,0
038983/03.png,38983,0
038983/04.png,38983,0
038983/05.png,38983,0
056475/00.png,56475,0
056475/01.png,56475,0
058057/00.png,58057,0
058057/01.png,58057,0
044618/00.png,44618,0
044618/01.png,44618,0
044618/02.png,44618,0
034805/00.png,34805,0
034805/01.png,34805,0
034805/02.png,34805,0
034805/03.png,34805,0
034805/04.png,34805,0
043631/00.png,43631,0
043631/01.png,43631,0
043631/02.png,43631,0
043631/03.png,43631,0
043631/04.png,43631,0
022709/00.png,22709,0
022709/01.png,22709,0
022709/02.png,22709,0
027358/00.png,27358,0
027358/01.png,27358,0
027358/02.png,27358,0
027358/03.png,27358,0
030633/00.png,30633,0
030633/01.png,30633,0
030633/02.png,30633,0
030633/03.png,30633,0
048107/00.png,48107,0
048107/01.png,48107,0
048107/02.png,48107,0
000311/00.png,311,0
000311/01.png,311,0
000311/02.png,311,0
000311/03.png,311,0
000311/04.png,311,0
000228/00.png,228,0
000228/01.png,228,0
000228/02.png,228,0
000228/03.png,228,0
000228/04.png,228,0
000228/05.png,228,0
000228/06.png,228,0
005012/00.png,5012,0
005012/01.png,5012,0
005012/02.png,5012,0
005012/03.png,5012,0
005012/04.png,5012,0
001684/00.png,1684,0
001684/01.png,1684,0
001684/02.png,1684,0
001684/03.png,1684,0
001684/04.png,1684,0
051636/00.png,51636,0
051636/01.png,51636,0
051636/02.png,51636,0
051636/03.png,51636,0
052045/00.png,52045,0
052045/01.png,52045,0
052045/02.png,52045,0
052045/03.png,52045,0
007058/00.png,7058,0
007058/01.png,7058,0
007058/02.png,7058,0
000001/00.png,1,0
000001/01.png,1,0
000001/02.png,1,0
000001/03.png,1,0
000001/04.png,1,0
000001/05.png,1,0
000001/06.png,1,0
044242/00.png,44242,0
044242/01.png,44242,0
044242/02.png,44242,0
044242/03.png,44242,0
005343/00.png,5343,0
005343/01.png,5343,0
005343/02.png,5343,0
005343/03.png,5343,0
005343/04.png,5343,0
001722/00.png,1722,0
001722/01.png,1722,0
001722/02.png,1722,0
001722/03.png,1722,0
001722/04.png,1722,0
069324/00.png,69324,0
069324/01.png,69324,0
007647/00.png,7647,0
007647/01.png,7647,0
007647/02.png,7647,0
042506/00.png,42506,0
042506/01.png,42506,0
042506/02.png,42506,0
042506/03.png,42506,0
040937/00.png,40937,0
040937/01.png,40937,0
040937/02.png,40937,0
040937/03.png,40937,0
040937/04.png,40937,0
016497/00.png,16497,0
016497/01.png,16497,0
016497/02.png,16497,0
016497/03.png,16497,0
039006/00.png,39006,0
039006/01.png,39006,0
039006/02.png,39006,0
009618/00.png,9618,0
009618/01.png,9618,0
009618/02.png,9618,0
068242/00.png,68242,0
068242/01.png,68242,0
066732/00.png,66732,0
066732/01.png,66732,0
058962/00.png,58962,0
058962/01.png,58962,0
012321/00.png,12321,0
012321/01.png,12321,0
012321/02.png,12321,0
012321/03.png,12321,0
034823/00.png,34823,0
034823/01.png,34823,0
034823/02.png,34823,0
034823/03.png,34823,0
034823/04.png,34823,0
040593/00.png,40593,0
040593/01.png,40593,0
040593/02.png,40593,0
040593/03.png,40593,0
030127/00.png,30127,0
030127/01.png,30127,0
030127/02.png,30127,0
035660/00.png,35660,0
035660/01.png,35660,0
035660/02.png,35660,0
001752/00.png,1752,0
001752/01.png,1752,0
001752/02.png,1752,0
001752/03.png,1752,0
001752/04.png,1752,0
018889/00.png,18889,0
018889/01.png,18889,0
018889/02.png,18889,0
018889/03.png,18889,0
018889/04.png,18889,0
059584/00.png,59584,0
059584/01.png,59584,0
056879/00.png,56879,0
056879/01.png,56879,0
015122/00.png,15122,0
015122/01.png,15122,0
015122/02.png,15122,0
015122/03.png,15122,0
015122/04.png,15122,0
015122/05.png,15122,0
015122/06.png,15122,0
036162/00.png,36162,0
036162/01.png,36162,0
036162/02.png,36162,0
036162/03.png,36162,0
016254/00.png,16254,0
016254/01.png,16254,0
016254/02.png,16254,0
016254/03.png,16254,0
016254/04.png,16254,0
016254/05.png,16254,0
016254/06.png,16254,0
029768/00.png,29768,0
029768/01.png,29768,0
029768/02.png,29768,0
048208/00.png,48208,0
048208/01.png,48208,0
048208/02.png,48208,0
007381/00.png,7381,0
007381/01.png,7381,0
007381/02.png,7381,0
029560/00.png,29560,0
029560/01.png,29560,0
029560/02.png,29560,0
029560/03.png,29560,0
029560/04.png,29560,0
029560/05.png,29560,0
029560/06.png,29560,0
069114/00.png,69114,0
069114/01.png,69114,0
010719/00.png,10719,0
010719/01.png,10719,0
010719/02.png,10719,0
010719/03.png,10719,0
010719/04.png,10719,0
010719/05.png,10719,0
031825/00.png,31825,0
031825/01.png,31825,0
031825/02.png,31825,0
031825/03.png,31825,0
031825/04.png,31825,0
031825/05.png,31825,0
012566/00.png,12566,0
012566/01.png,12566,0
012566/02.png,12566,0
012566/03.png,12566,0
012566/04.png,12566,0
012566/05.png,12566,0
012566/06.png,12566,0
048469/00.png,48469,0
048469/01.png,48469,0
048469/02.png,48469,0
048469/03.png,48469,0
066464/00.png,66464,0
066464/01.png,66464,0
053070/00.png,53070,0
053070/01.png,53070,0
053070/02.png,53070,0
046608/00.png,46608,0
046608/01.png,46608,0
046608/02.png,46608,0
046608/03.png,46608,0
046608/04.png,46608,0
063597/00.png,63597,0
063597/01.png,63597,0
045433/00.png,45433,0
045433/01.png,45433,0
045433/02.png,45433,0
045433/03.png,45433,0
061601/00.png,61601,0
061601/01.png,61601,0
053311/00.png,53311,0
053311/01.png,53311,0
053311/02.png,53311,0
053311/03.png,53311,0
060657/00.png,60657,0
060657/01.png,60657,0
058933/00.png,58933,0
058933/01.png,58933,0
028028/00.png,28028,0
028028/01.png,28028,0
028028/02.png,28028,0
028028/03.png,28028,0
022457/00.png,22457,0
022457/01.png,22457,0
022457/02.png,22457,0
022457/03.png,22457,0
022457/04.png,22457,0
022457/05.png,22457,0
022457/06.png,22457,0
035984/00.png,35984,0
035984/01.png,35984,0
035984/02.png,35984,0
069532/00.png,69532,0
069532/01.png,69532,0
012282/00.png,12282,0
012282/01.png,12282,0
012282/02.png,12282,0
019290/00.png,19290,0
019290/01.png,19290,0
019290/02.png,19290,0
002239/00.png,2239,0
002239/01.png,2239,0
002239/02.png,2239,0
002239/03.png,2239,0
002239/04.png,2239,0
002239/05.png,2239,0
002239/06.png,2239,0
014730/00.png,14730,0
014730/01.png,14730,0
014730/02.png,14730,0
014730/03.png,14730,0
014730/04.png,14730,0
015836/00.png,15836,0
015836/01.png,15836,0
015836/02.png,15836,0
015836/03.png,15836,0
015836/04.png,15836,0
015836/05.png,15836,0
015836/06.png,15836,0
068756/00.png,68756,0
068756/01.png,68756,0
044110/00.png,44110,0
044110/01.png,44110,0
044110/02.png,44110,0
044110/03.png,44110,0
014770/00.png,14770,0
014770/01.png,14770,0
014770/02.png,14770,0
029698/00.png,29698,0
029698/02.png,29698,0
029698/03.png,29698,0
029698/04.png,29698,0
049053/00.png,49053,0
049053/01.png,49053,0
049053/02.png,49053,0
016229/00.png,16229,0
016229/01.png,16229,0
016229/02.png,16229,0
016229/03.png,16229,0
016229/04.png,16229,0
019083/00.png,19083,0
019083/01.png,19083,0
019083/02.png,19083,0
019083/03.png,19083,0
019083/04.png,19083,0
019083/05.png,19083,0
031478/00.png,31478,0
031478/01.png,31478,0
031478/02.png,31478,0
031478/03.png,31478,0
030308/00.png,30308,0
030308/01.png,30308,0
030308/02.png,30308,0
030308/03.png,30308,0
069629/00.png,69629,0
069629/01.png,69629,0
033000/00.png,33000,0
033000/01.png,33000,0
033000/02.png,33000,0
033000/03.png,33000,0
033000/04.png,33000,0
033000/05.png,33000,0
029813/00.png,29813,0
029813/01.png,29813,0
029813/02.png,29813,0
029449/00.png,29449,0
029449/01.png,29449,0
029449/02.png,29449,0
029449/03.png,29449,0
005689/00.png,5689,0
005689/01.png,5689,0
005689/02.png,5689,0
005689/03.png,5689,0
005689/04.png,5689,0
005689/05.png,5689,0
005689/06.png,5689,0
056377/00.png,56377,0
056377/01.png,56377,0
024528/00.png,24528,0
024528/01.png,24528,0
024528/02.png,24528,0
049864/00.png,49864,0
049864/01.png,49864,0
049864/02.png,49864,0
049864/03.png,49864,0
021500/00.png,21500,0
021500/01.png,21500,0
021500/02.png,21500,0
021500/03.png,21500,0
021500/04.png,21500,0
009820/00.png,9820,0
009820/01.png,9820,0
009820/02.png,9820,0
028428/00.png,28428,0
028428/01.png,28428,0
028428/02.png,28428,0
028428/03.png,28428,0
028428/04.png,28428,0
028428/05.png,28428,0
028428/06.png,28428,0
032135/00.png,32135,0
032135/01.png,32135,0
032135/02.png,32135,0
032135/03.png,32135,0
015155/00.png,15155,0
015155/01.png,15155,0
015155/02.png,15155,0
045535/00.png,45535,0
045535/01.png,45535,0
045535/02.png,45535,0
045535/03.png,45535,0
045535/04.png,45535,0
045535/05.png,45535,0
045535/06.png,45535,0
070921/00.png,70921,0
070921/01.png,70921,0
062755/00.png,62755,0
062755/01.png,62755,0
006918/00.png,6918,0
006918/01.png,6918,0
006918/02.png,6918,0
006918/03.png,6918,0
006918/04.png,6918,0
006918/05.png,6918,0
018420/00.png,18420,0
018420/01.png,18420,0
018420/03.png,18420,0
037742/00.png,37742,0
037742/01.png,37742,0
037742/02.png,37742,0
037742/03.png,37742,0
037742/04.png,37742,0
004955/00.png,4955,0
004955/01.png,4955,0
004955/02.png,4955,0
004955/03.png,4955,0
004955/04.png,4955,0
004955/05.png,4955,0
004955/06.png,4955,0
065057/00.png,65057,0
065057/01.png,65057,0
032323/00.png,32323,0
032323/01.png,32323,0
032323/02.png,32323,0
032323/03.png,32323,0
032323/04.png,32323,0
032323/05.png,32323,0
054135/00.png,54135,0
054135/01.png,54135,0
042532/00.png,42532,0
042532/01.png,42532,0
042532/02.png,42532,0
045961/00.png,45961,0
045961/01.png,45961,0
045961/02.png,45961,0
045961/03.png,45961,0
045961/04.png,45961,0
045961/05.png,45961,0
044443/00.png,44443,0
044443/01.png,44443,0
044443/02.png,44443,0
044443/03.png,44443,0
044443/04.png,44443,0
044443/05.png,44443,0
000513/00.png,513,0
000513/01.png,513,0
000513/02.png,513,0
000513/03.png,513,0
000513/04.png,513,0
050501/00.png,50501,0
050501/01.png,50501,0
050501/02.png,50501,0
050501/03.png,50501,0
053851/00.png,53851,0
053851/01.png,53851,0
053851/02.png,53851,0
003303/00.png,3303,0
003303/01.png,3303,0
003303/02.png,3303,0
003303/03.png,3303,0
003303/04.png,3303,0
013636/00.png,13636,0
013636/01.png,13636,0
013636/02.png,13636,0
024618/00.png,24618,0
024618/01.png,24618,0
024618/02.png,24618,0
024618/03.png,24618,0
043906/00.png,43906,0
043906/01.png,43906,0
043906/02.png,43906,0
005421/00.png,5421,0
005421/01.png,5421,0
005421/02.png,5421,0
005421/03.png,5421,0
005421/04.png,5421,0
005421/05.png,5421,0
040550/00.png,40550,0
040550/01.png,40550,0
040550/02.png,40550,0
040550/03.png,40550,0
040550/04.png,40550,0
040550/05.png,40550,0
037779/00.png,37779,0
037779/01.png,37779,0
037779/02.png,37779,0
066811/00.png,66811,0
066811/01.png,66811,0
056516/00.png,56516,0
056516/01.png,56516,0
013291/00.png,13291,0
013291/01.png,13291,0
013291/02.png,13291,0
019883/00.png,19883,0
019883/01.png,19883,0
019883/02.png,19883,0
019883/03.png,19883,0
019883/04.png,19883,0
019883/05.png,19883,0
019883/06.png,19883,0
002727/00.png,2727,0
002727/01.png,2727,0
002727/02.png,2727,0
002727/03.png,2727,0
002727/04.png,2727,0
002727/05.png,2727,0
002727/06.png,2727,0
018731/00.png,18731,0
018731/01.png,18731,0
018731/02.png,18731,0
018731/03.png,18731,0
007739/00.png,7739,0
007739/01.png,7739,0
007739/02.png,7739,0
007739/04.png,7739,0
007739/05.png,7739,0
058301/00.png,58301,0
058301/01.png,58301,0
030666/00.png,30666,0
030666/01.png,30666,0
030666/02.png,30666,0
060867/00.png,60867,0
060867/01.png,60867,0
048535/00.png,48535,0
048535/01.png,48535,0
048535/02.png,48535,0
031940/00.png,31940,0
031940/01.png,31940,0
031940/02.png,31940,0
029583/00.png,29583,0
029583/01.png,29583,0
029583/02.png,29583,0
029583/03.png,29583,0
029583/04.png,29583,0
007255/00.png,7255,0
007255/01.png,7255,0
007255/02.png,7255,0
007255/03.png,7255,0
007255/04.png,7255,0
007438/00.png,7438,0
007438/01.png,7438,0
007438/02.png,7438,0
055133/00.png,55133,0
055133/01.png,55133,0
057717/00.png,57717,0
057717/01.png,57717,0
060333/00.png,60333,0
060333/01.png,60333,0
044490/00.png,44490,0
044490/01.png,44490,0
044490/02.png,44490,0
044490/03.png,44490,0
044490/04.png,44490,0
049570/00.png,49570,0
049570/01.png,49570,0
049570/02.png,49570,0
023159/00.png,23159,0
023159/01.png,23159,0
023159/02.png,23159,0
038619/00.png,38619,0
038619/01.png,38619,0
038619/02.png,38619,0
038619/03.png,38619,0
007534/00.png,7534,0
007534/01.png,7534,0
007534/02.png,7534,0
007534/03.png,7534,0
007534/04.png,7534,0
007534/05.png,7534,0
022685/00.png,22685,0
022685/01.png,22685,0
022685/02.png,22685,0
022685/03.png,22685,0
022685/04.png,22685,0
039411/00.png,39411,0
039411/01.png,39411,0
039411/02.png,39411,0
039411/03.png,39411,0
039411/04.png,39411,0
040737/00.png,40737,0
040737/01.png,40737,0
040737/02.png,40737,0
039074/00.png,39074,0
039074/01.png,39074,0
039074/02.png,39074,0
039074/03.png,39074,0
039074/04.png,39074,0
002967/00.png,2967,0
002967/01.png,2967,0
002967/02.png,2967,0
002967/03.png,2967,0
002967/04.png,2967,0
037102/00.png,37102,0
037102/01.png,37102,0
037102/02.png,37102,0
037102/03.png,37102,0
037102/04.png,37102,0
037102/05.png,37102,0
037102/06.png,37102,0
067368/00.png,67368,0
067368/01.png,67368,0
011888/00.png,11888,0
011888/01.png,11888,0
011888/02.png,11888,0
011888/03.png,11888,0
011888/04.png,11888,0
011888/05.png,11888,0
055480/00.png,55480,0
055480/01.png,55480,0
045799/00.png,45799,0
045799/01.png,45799,0
045799/02.png,45799,0
045799/03.png,45799,0
007179/00.png,7179,0
007179/01.png,7179,0
007179/02.png,7179,0
007179/03.png,7179,0
007179/04.png,7179,0
007179/05.png,7179,0
039636/00.png,39636,0
039636/01.png,39636,0
039636/02.png,39636,0
039636/03.png,39636,0
039636/04.png,39636,0
039636/05.png,39636,0
069004/00.png,69004,0
069004/01.png,69004,0
058322/00.png,58322,0
058322/01.png,58322,0
037368/00.png,37368,0
037368/01.png,37368,0
037368/02.png,37368,0
037368/03.png,37368,0
037368/04.png,37368,0
019907/00.png,19907,0
019907/01.png,19907,0
019907/02.png,19907,0
019907/03.png,19907,0
046559/00.png,46559,0
046559/01.png,46559,0
046559/02.png,46559,0
046559/03.png,46559,0
029848/00.png,29848,0
029848/01.png,29848,0
029848/02.png,29848,0
046469/00.png,46469,0
046469/01.png,46469,0
046469/02.png,46469,0
046469/03.png,46469,0
067992/00.png,67992,0
067992/01.png,67992,0
020465/00.png,20465,0
020465/01.png,20465,0
020465/02.png,20465,0
045423/00.png,45423,0
045423/01.png,45423,0
045423/02.png,45423,0
045423/03.png,45423,0
045423/04.png,45423,0
027871/00.png,27871,0
027871/01.png,27871,0
027871/02.png,27871,0
027871/03.png,27871,0
027871/04.png,27871,0
027871/05.png,27871,0
058311/00.png,58311,0
058311/01.png,58311,0
065542/00.png,65542,0
065542/01.png,65542,0
027030/00.png,27030,0
027030/01.png,27030,0
027030/02.png,27030,0
027030/03.png,27030,0
022497/00.png,22497,0
022497/01.png,22497,0
022497/02.png,22497,0
022497/03.png,22497,0
022497/04.png,22497,0
022497/05.png,22497,0
040892/00.png,40892,0
040892/01.png,40892,0
040892/02.png,40892,0
040892/03.png,40892,0
040892/04.png,40892,0
025251/00.png,25251,0
025251/01.png,25251,0
025251/02.png,25251,0
025251/03.png,25251,0
025251/04.png,25251,0
069714/00.png,69714,0
069714/01.png,69714,0
068506/00.png,68506,0
068506/01.png,68506,0
024325/00.png,24325,0
024325/01.png,24325,0
024325/02.png,24325,0
024325/03.png,24325,0
024325/04.png,24325,0
024325/05.png,24325,0
024325/06.png,24325,0
037859/00.png,37859,0
037859/01.png,37859,0
037859/02.png,37859,0
037859/03.png,37859,0
037859/04.png,37859,0
037859/05.png,37859,0
063700/00.png,63700,0
063700/01.png,63700,0
067296/00.png,67296,0
067296/01.png,67296,0
040582/00.png,40582,0
040582/01.png,40582,0
040582/02.png,40582,0
040582/03.png,40582,0
040582/04.png,40582,0
040582/05.png,40582,0
060659/00.png,60659,0
060659/01.png,60659,0
042376/00.png,42376,0
042376/01.png,42376,0
042376/02.png,42376,0
047121/00.png,47121,0
047121/01.png,47121,0
047121/02.png,47121,0
024963/00.png,24963,0
024963/01.png,24963,0
024963/02.png,24963,0
024963/03.png,24963,0
060590/00.png,60590,0
060590/01.png,60590,0
056709/00.png,56709,0
056709/01.png,56709,0
002195/00.png,2195,0
002195/01.png,2195,0
002195/02.png,2195,0
002195/03.png,2195,0
002195/04.png,2195,0
002195/05.png,2195,0
053305/00.png,53305,0
053305/01.png,53305,0
053305/02.png,53305,0
001802/00.png,1802,0
001802/01.png,1802,0
001802/02.png,1802,0
001802/03.png,1802,0
001802/04.png,1802,0
001802/05.png,1802,0
047658/00.png,47658,0
047658/01.png,47658,0
047658/02.png,47658,0
054111/00.png,54111,0
054111/01.png,54111,0
015903/00.png,15903,0
015903/01.png,15903,0
015903/02.png,15903,0
015903/03.png,15903,0
015903/04.png,15903,0
015903/05.png,15903,0
067592/00.png,67592,0
067592/01.png,67592,0
008661/00.png,8661,0
008661/01.png,8661,0
008661/02.png,8661,0
001591/00.png,1591,0
001591/01.png,1591,0
001591/02.png,1591,0
001591/03.png,1591,0
001591/04.png,1591,0
009486/00.png,9486,0
009486/01.png,9486,0
009486/02.png,9486,0
055914/00.png,55914,0
055914/01.png,55914,0
066106/00.png,66106,0
066106/01.png,66106,0
070119/00.png,70119,0
070119/01.png,70119,0
034146/00.png,34146,0
034146/01.png,34146,0
034146/02.png,34146,0
034146/03.png,34146,0
034146/04.png,34146,0
034146/05.png,34146,0
034146/06.png,34146,0
003252/00.png,3252,0
003252/01.png,3252,0
003252/02.png,3252,0
003252/03.png,3252,0
003252/04.png,3252,0
003252/05.png,3252,0
003252/06.png,3252,0
029005/00.png,29005,0
029005/01.png,29005,0
029005/02.png,29005,0
029005/03.png,29005,0
029005/04.png,29005,0
029005/05.png,29005,0
022843/00.png,22843,0
022843/01.png,22843,0
022843/02.png,22843,0
022843/03.png,22843,0
022843/04.png,22843,0
051494/00.png,51494,0
051494/01.png,51494,0
051494/02.png,51494,0
031997/00.png,31997,0
031997/01.png,31997,0
031997/02.png,31997,0
031997/03.png,31997,0
004780/00.png,4780,0
004780/01.png,4780,0
004780/02.png,4780,0
004780/03.png,4780,0
004780/04.png,4780,0
016045/00.png,16045,0
016045/01.png,16045,0
016045/02.png,16045,0
016045/03.png,16045,0
016045/04.png,16045,0
006842/00.png,6842,0
006842/01.png,6842,0
006842/02.png,6842,0
064739/00.png,64739,0
064739/01.png,64739,0
055279/00.png,55279,0
055279/01.png,55279,0
006263/00.png,6263,0
006263/01.png,6263,0
006263/02.png,6263,0
006263/03.png,6263,0
006263/04.png,6263,0
006263/05.png,6263,0
006263/06.png,6263,0
015297/00.png,15297,0
015297/01.png,15297,0
015297/02.png,15297,0
015297/03.png,15297,0
015297/04.png,15297,0
061807/00.png,61807,0
061807/01.png,61807,0
006163/00.png,6163,0
006163/01.png,6163,0
006163/02.png,6163,0
006163/03.png,6163,0
006163/04.png,6163,0
028698/00.png,28698,0
028698/01.png,28698,0
028698/02.png,28698,0
028698/03.png,28698,0
028698/04.png,28698,0
040476/00.png,40476,0
040476/01.png,40476,0
040476/02.png,40476,0
040476/03.png,40476,0
040476/04.png,40476,0
040476/05.png,40476,0
019549/00.png,19549,0
019549/01.png,19549,0
019549/02.png,19549,0
019549/03.png,19549,0
060409/00.png,60409,0
060409/01.png,60409,0
021512/00.png,21512,0
021512/01.png,21512,0
021512/02.png,21512,0
014011/00.png,14011,0
014011/01.png,14011,0
014011/02.png,14011,0
010109/00.png,10109,0
010109/01.png,10109,0
010109/02.png,10109,0
010109/03.png,10109,0
010109/04.png,10109,0
019351/00.png,19351,0
019351/01.png,19351,0
019351/02.png,19351,0
003246/00.png,3246,0
003246/01.png,3246,0
003246/02.png,3246,0
003246/03.png,3246,0
003246/04.png,3246,0
003246/05.png,3246,0
068762/00.png,68762,0
068762/01.png,68762,0
024508/00.png,24508,0
024508/01.png,24508,0
024508/02.png,24508,0
024508/03.png,24508,0
031674/00.png,31674,0
031674/01.png,31674,0
031674/02.png,31674,0
031674/03.png,31674,0
031674/04.png,31674,0
031674/05.png,31674,0
031674/06.png,31674,0
031737/00.png,31737,0
031737/01.png,31737,0
031737/02.png,31737,0
031737/03.png,31737,0
031737/04.png,31737,0
031737/05.png,31737,0
039846/00.png,39846,0
039846/01.png,39846,0
039846/02.png,39846,0
039846/03.png,39846,0
039846/04.png,39846,0
050360/00.png,50360,0
050360/01.png,50360,0
050360/02.png,50360,0
009774/00.png,9774,0
009774/01.png,9774,0
009774/02.png,9774,0
009774/03.png,9774,0
009774/04.png,9774,0
009774/05.png,9774,0
009774/06.png,9774,0
031569/00.png,31569,0
031569/01.png,31569,0
031569/02.png,31569,0
051378/00.png,51378,0
051378/01.png,51378,0
051378/02.png,51378,0
044491/00.png,44491,0
044491/01.png,44491,0
044491/02.png,44491,0
044491/03.png,44491,0
044491/04.png,44491,0
044491/05.png,44491,0
047063/00.png,47063,0
047063/01.png,47063,0
047063/02.png,47063,0
047063/03.png,47063,0
002493/00.png,2493,0
002493/01.png,2493,0
002493/02.png,2493,0
002493/03.png,2493,0
002493/04.png,2493,0
002493/05.png,2493,0
026764/00.png,26764,0
026764/01.png,26764,0
026764/02.png,26764,0
026764/03.png,26764,0
012625/00.png,12625,0
012625/01.png,12625,0
012625/02.png,12625,0
012625/03.png,12625,0
012625/04.png,12625,0
012625/05.png,12625,0
061438/00.png,61438,0
061438/01.png,61438,0
011130/00.png,11130,0
011130/01.png,11130,0
011130/02.png,11130,0
011130/03.png,11130,0
068091/00.png,68091,0
068091/01.png,68091,0
044826/00.png,44826,0
044826/01.png,44826,0
044826/02.png,44826,0
044826/03.png,44826,0
069683/00.png,69683,0
069683/01.png,69683,0
055374/00.png,55374,0
055374/01.png,55374,0
006315/00.png,6315,0
006315/01.png,6315,0
006315/02.png,6315,0
006315/03.png,6315,0
006315/04.png,6315,0
006315/05.png,6315,0
004677/00.png,4677,0
004677/01.png,4677,0
004677/02.png,4677,0
004677/03.png,4677,0
004677/04.png,4677,0
050649/00.png,50649,0
050649/01.png,50649,0
050649/02.png,50649,0
061302/00.png,61302,0
061302/01.png,61302,0
042109/00.png,42109,0
042109/01.png,42109,0
042109/02.png,42109,0
061609/00.png,61609,0
061609/01.png,61609,0
022777/00.png,22777,0
022777/01.png,22777,0
022777/02.png,22777,0
067392/00.png,67392,0
067392/01.png,67392,0
025585/00.png,25585,0
025585/01.png,25585,0
025585/02.png,25585,0
018804/00.png,18804,0
018804/01.png,18804,0
018804/02.png,18804,0
068076/00.png,68076,0
068076/01.png,68076,0
069761/00.png,69761,0
069761/01.png,69761,0
039575/00.png,39575,0
039575/01.png,39575,0
039575/02.png,39575,0
036438/00.png,36438,0
036438/01.png,36438,0
036438/02.png,36438,0
011742/00.png,11742,0
011742/01.png,11742,0
011742/02.png,11742,0
011742/03.png,11742,0
011742/04.png,11742,0
002093/00.png,2093,0
002093/01.png,2093,0
002093/02.png,2093,0
002093/03.png,2093,0
002093/04.png,2093,0
002093/05.png,2093,0
002093/06.png,2093,0
071541/00.png,71541,0
071541/01.png,71541,0
062731/00.png,62731,0
062731/01.png,62731,0
021888/01.png,21888,0
021888/02.png,21888,0
021888/03.png,21888,0
021888/04.png,21888,0
021682/00.png,21682,0
021682/01.png,21682,0
021682/02.png,21682,0
021682/03.png,21682,0
021682/04.png,21682,0
021682/05.png,21682,0
021682/06.png,21682,0
034089/00.png,34089,0
034089/01.png,34089,0
034089/02.png,34089,0
034089/03.png,34089,0
034089/04.png,34089,0
063244/00.png,63244,0
063244/01.png,63244,0
012756/00.png,12756,0
012756/01.png,12756,0
012756/02.png,12756,0
012756/03.png,12756,0
012756/04.png,12756,0
012756/05.png,12756,0
070429/00.png,70429,0
070429/01.png,70429,0
004989/00.png,4989,0
004989/01.png,4989,0
004989/02.png,4989,0
004989/03.png,4989,0
004989/04.png,4989,0
004989/05.png,4989,0
056791/00.png,56791,0
056791/01.png,56791,0
048214/00.png,48214,0
048214/01.png,48214,0
048214/02.png,48214,0
048214/03.png,48214,0
036679/00.png,36679,0
036679/01.png,36679,0
036679/02.png,36679,0
005996/00.png,5996,0
005996/01.png,5996,0
005996/02.png,5996,0
005996/03.png,5996,0
005996/04.png,5996,0
005996/05.png,5996,0
048650/00.png,48650,0
048650/01.png,48650,0
048650/02.png,48650,0
007014/00.png,7014,0
007014/01.png,7014,0
007014/02.png,7014,0
007014/03.png,7014,0
009806/00.png,9806,0
009806/01.png,9806,0
009806/02.png,9806,0
009806/03.png,9806,0
009806/04.png,9806,0
040827/00.png,40827,0
040827/01.png,40827,0
040827/02.png,40827,0
059939/00.png,59939,0
059939/01.png,59939,0
051286/00.png,51286,0
051286/01.png,51286,0
051286/02.png,51286,0
051286/03.png,51286,0
000417/00.png,417,0
000417/01.png,417,0
000417/02.png,417,0
000417/03.png,417,0
000417/04.png,417,0
000417/05.png,417,0
025095/00.png,25095,0
025095/01.png,25095,0
025095/02.png,25095,0
036695/00.png,36695,0
036695/01.png,36695,0
036695/02.png,36695,0
036695/03.png,36695,0
023616/00.png,23616,0
023616/01.png,23616,0
023616/02.png,23616,0
002584/00.png,2584,0
002584/01.png,2584,0
002584/02.png,2584,0
002584/03.png,2584,0
002584/04.png,2584,0
021488/00.png,21488,0
021488/01.png,21488,0
021488/02.png,21488,0
026396/00.png,26396,0
026396/01.png,26396,0
026396/02.png,26396,0
026396/03.png,26396,0
051886/00.png,51886,0
051886/01.png,51886,0
051886/02.png,51886,0
051886/03.png,51886,0
005150/00.png,5150,0
005150/01.png,5150,0
005150/02.png,5150,0
005150/03.png,5150,0
005150/04.png,5150,0
005150/05.png,5150,0
005150/06.png,5150,0
039245/00.png,39245,0
039245/01.png,39245,0
039245/03.png,39245,0
039245/04.png,39245,0
039245/05.png,39245,0
039245/06.png,39245,0
003140/00.png,3140,0
003140/01.png,3140,0
003140/02.png,3140,0
003140/03.png,3140,0
003140/04.png,3140,0
056085/00.png,56085,0
056085/01.png,56085,0
066216/00.png,66216,0
066216/01.png,66216,0
057592/00.png,57592,0
057592/01.png,57592,0
059864/00.png,59864,0
059864/01.png,59864,0
019502/00.png,19502,0
019502/01.png,19502,0
019502/02.png,19502,0
019502/03.png,19502,0
019502/04.png,19502,0
019502/05.png,19502,0
063659/00.png,63659,0
063659/01.png,63659,0
